{"cameraMode":{"drawMode":0,"name":"Shaded","section":"Shading Mode"},"sceneLighting":false,"audioPlay":false,"sceneViewState":{"showFog":true,"showMaterialUpdate":false,"showSkybox":false,"showFlares":true,"showImageEffects":true,"showParticleSystems":true},"in2DMode":false,"pivot":{"x":-0.4372134506702423,"y":1.2929613590240479,"z":-0.6272501945495606},"rotation":{"x":0.0794154554605484,"y":0.004485742654651403,"z":-0.0003573888388928026,"w":0.9968315362930298},"size":5.648122310638428,"orthographic":false}