{"cameraMode":{"drawMode":0,"name":"Shaded","section":"Shading Mode"},"sceneLighting":false,"audioPlay":false,"sceneViewState":{"showFog":true,"showMaterialUpdate":false,"showSkybox":false,"showFlares":true,"showImageEffects":true,"showParticleSystems":true},"in2DMode":false,"pivot":{"x":0.11106394231319428,"y":2.194732666015625,"z":-0.603581428527832},"rotation":{"x":0.07492954283952713,"y":-0.0014957882231101394,"z":0.00011239559535169974,"w":0.9971876740455627},"size":9.981266021728516,"orthographic":false}